job_id;request_hash;payload;prediction_id;error_message;created_at;updated_at;status;endpoint_type
4c3a79b3-72c3-4a2a-bb71-2fa7894863eb;0aa7d7ca3c3195f0f17ad47bf932f5722f760b2c8f8a78f5d173291ad566fee0;"{'"operation_id'": ['"06fad7d5-1fc6-4bd6-b00d-da274663d88a'"], '"failure_start_time'": '"2025-10-01T10:00:00'", '"maintenance_end_time'": '"2025-10-01T10:00:00'", '"source_sys_time'": '"2025-10-02T09:00:00'", '"asset_id'": '"06fcd7d5-1fc6-4bc6-b00d-da274663d98d'", '"failure_type_id'": '"702ab05a-7427-4a36-a298-0331bd56510a'", '"default_reliability'": [0.95]}";;;2025-10-13 11:43:44.743231+02;2025-10-13 11:43:45.055605+02;processing;asset_predict
7ab4fc90-c6e4-486b-8859-044119299b65;a7899d599f782cb22df9c13129388a3eaec98611d3a071e1eab7a33f2427a8fa;"{'"operation_id'": ['"06fad7d5-1fc6-4bd6-b00d-da274663d88a'", '"06fcd7d5-1fc6-4bc6-b01d-da274663d98d'", '"06fcd7d5-1fc6-4bc6-b00d-da274663d97d'"], '"failure_start_time'": '"2025-10-01T10:00:00'", '"maintenance_end_time'": '"2025-10-02T10:00:00'", '"source_sys_time'": '"2025-10-01T09:00:00'", '"asset_id'": '"06fcd7d5-1fc6-4bc6-b00d-da274663d98d'", '"failure_type_id'": '"06fcd7d5-1fc6-4bc6-b00d-da274633d98d'", '"default_reliability'": [0.95, 0.5, 0.1]}";;Failure type not found in DB/CMMS;2025-10-13 11:02:35.521149+02;2025-10-13 11:02:36.721537+02;not_found;asset_predict
9202156e-55f0-4144-8d46-3f1a5a34c5cf;bee94ef3ff1891fb008b4d35d15059c6138ea230849fcfef0e63c383bf80a7df;"{'"operation_id'": ['"06fad7d5-1fc6-4bd6-b00d-da274663d88a'", '"06fcd7d5-1fc6-4bc6-b01d-da274663d98d'", '"06fcd7d5-1fc6-4bc6-b00d-da274663d97d'"], '"failure_start_time'": '"2025-10-01T10:00:00'", '"maintenance_end_time'": '"2025-10-02T10:00:00'", '"source_sys_time'": '"2025-10-01T09:00:00'", '"asset_id'": '"06fcd7d5-1fc6-4bc6-b00d-da274663d98d'", '"failure_type_id'": '"702ab05a-7427-4a36-a298-0331bd56510a'", '"default_reliability'": [0.95, 0.5, 0.1]}";;;2025-10-13 11:15:41.880254+02;2025-10-13 11:15:42.269594+02;processing;asset_predict
cd07357c-b6d2-4c72-9736-43e9ec02c301;68f425feb9811359f8c744b148630887596cdef3480e00fd9be2645dc2a5fe82;"{'"operation_id'": ['"06fcd7d5-1fc6-4bc6-b00d-da274663d88a'", '"06fcd7d5-1fc6-4bc6-b01d-da274663d98d'", '"06fcd7d5-1fc6-4bc6-b00d-da274663d97d'"], '"failure_start_time'": '"2025-10-01T10:00:00'", '"maintenance_end_time'": '"2025-10-02T10:00:00'", '"source_sys_time'": '"2025-10-01T09:00:00'", '"asset_id'": '"06fcd7d5-1fc6-4bc6-b00d-da274663d98d'", '"failure_type_id'": '"06fcd7d5-1fc6-4bc6-b00d-da274633d98d'", '"default_reliability'": [0.95, 0.5, 0.1]}";;;2025-10-13 07:36:51.99651+02;2025-10-13 07:36:52.405451+02;processing;asset_predict
17b64057-1d5a-4a42-bb3c-65a579f163e0;668a20f47d3bb55c7fd0ef2f17c206b97c000c5b76323caa40f1372b3ae026ea;"{'"operation_id'": ['"06fcd7d5-1fc6-4bd6-b00d-da274663d88a'", '"06fcd7d5-1fc6-4bc6-b01d-da274663d98d'", '"06fcd7d5-1fc6-4bc6-b00d-da274663d97d'"], '"failure_start_time'": '"2025-10-01T10:00:00'", '"maintenance_end_time'": '"2025-10-02T10:00:00'", '"source_sys_time'": '"2025-10-01T09:00:00'", '"asset_id'": '"06fcd7d5-1fc6-4bc6-b00d-da274663d98d'", '"failure_type_id'": '"06fcd7d5-1fc6-4bc6-b00d-da274633d98d'", '"default_reliability'": [0.95, 0.5, 0.1]}";;Failure type not found in DB/CMMS;2025-10-13 08:35:25.625312+02;2025-10-13 08:35:26.296217+02;not_found;asset_predict
2e71eacd-b718-4045-8f55-1de42aab43c7;3abb04bd811745959eda70dd6d97e03168b448b5a2272068ddb1166119de7777;"{'"operation_id'": ['"06fad7d5-1fc6-4bd6-b00d-da274663d88a'"], '"failure_start_time'": '"2025-10-01T10:00:00'", '"maintenance_end_time'": '"2025-10-02T10:00:00'", '"source_sys_time'": '"2025-10-01T09:00:00'", '"asset_id'": '"06fcd7d5-1fc6-4bc6-b00d-da274663d98d'", '"failure_type_id'": '"702ab05a-7427-4a36-a298-0331bd56510a'", '"default_reliability'": [0.95, 0.5, 0.1]}";;;2025-10-13 11:22:40.942698+02;2025-10-13 11:22:41.759078+02;processing;asset_predict
3e8a62aa-e0db-4724-9dc4-b08f64d45b7b;45ba883c52b600e75357dc0e208702243319f82722551bd38f603508b8657be5;"{'"operation_id'": ['"06fad7d5-1fc6-4bd6-b00d-da274663d88a'"], '"failure_start_time'": '"2025-10-01T10:00:00'", '"maintenance_end_time'": '"2025-10-02T10:00:00'", '"source_sys_time'": '"2025-10-01T09:00:00'", '"asset_id'": '"06fcd7d5-1fc6-4bc6-b00d-da274663d98d'", '"failure_type_id'": '"702ab05a-7427-4a36-a298-0331bd56510a'", '"default_reliability'": [0.95]}";;;2025-10-13 11:30:04.861741+02;2025-10-13 11:30:05.279345+02;processing;asset_predict
16491203-e54d-4d1e-a35e-728c51900ed6;02d92d37eeb637548a937a02f56acc0b1a8e4e4ec1c7a242d3d349764ebd0c6f;"{'"operation_id'": ['"06fad7d5-1fc6-4bd6-b00d-da274663d88a'"], '"failure_start_time'": '"2025-10-01T10:00:00'", '"maintenance_end_time'": '"2025-10-02T10:00:00'", '"source_sys_time'": '"2025-10-02T09:00:00'", '"asset_id'": '"06fcd7d5-1fc6-4bc6-b00d-da274663d98d'", '"failure_type_id'": '"702ab05a-7427-4a36-a298-0331bd56510a'", '"default_reliability'": [0.95]}";;;2025-10-13 11:35:22.380565+02;2025-10-13 11:35:22.959352+02;processing;asset_predict
f05f9ea9-520e-449a-9423-e821bca2f6a5;e229be60f2fc9eb3469d70ab0cb878d83f7d3c5d596b33fcdfb14f2c79e414a0;"{'"operation_id'": ['"06fad7d5-1fc6-4bd6-b00d-da274663d88a'"], '"failure_start_time'": '"2025-10-01T10:00:00'", '"maintenance_end_time'": '"2025-09-01T10:00:00'", '"source_sys_time'": '"2025-10-02T09:00:00'", '"asset_id'": '"06fcd7d5-1fc6-4bc6-b00d-da274663d98d'", '"failure_type_id'": '"702ab05a-7427-4a36-a298-0331bd56510a'", '"default_reliability'": [0.95]}";;;2025-10-13 12:09:20.575657+02;2025-10-13 12:09:21.034665+02;processing;asset_predict
e99f3230-e774-49fa-b967-c67fdc95e051;3bdceaab5ccd428cc0fe67ccc7303b513852230d5659471d7f9e24238e56c610;"{'"operation_id'": ['"06fad7d5-1fc6-4bd6-b00d-da274663d88a'"], '"failure_start_time'": '"2025-10-01T10:00:00'", '"maintenance_end_time'": '"2025-09-02T10:00:00'", '"source_sys_time'": '"2025-10-02T09:00:00'", '"asset_id'": '"06fcd7d5-1fc6-4bc6-b00d-da274663d98d'", '"failure_type_id'": '"702ab05a-7427-4a36-a298-0331bd56510a'", '"default_reliability'": [0.95]}";;;2025-10-13 12:12:54.859778+02;2025-10-13 12:12:55.535508+02;processing;asset_predict
019eb6bf-9c02-4585-8ceb-0c110e16f6b6;a113f19e27cbcb3872f927f9cfc50c80d5e519c236efb4a77d4cec9ef4533605;"{'"operation_id'": ['"06fad7d5-1fc6-4bd6-b00d-da274663d88a'"], '"failure_start_time'": '"2025-10-01T10:00:00'", '"maintenance_end_time'": '"2025-09-02T10:00:00'", '"source_sys_time'": '"2025-10-03T09:00:00'", '"asset_id'": '"06fcd7d5-1fc6-4bc6-b00d-da274663d98d'", '"failure_type_id'": '"702ab05a-7427-4a36-a298-0331bd56510a'", '"default_reliability'": [0.95]}";;;2025-10-13 12:14:02.39854+02;2025-10-13 12:14:02.770695+02;processing;asset_predict
000bf529-3552-4cec-9a44-40e543edff2c;3f098958d35dfa7011b16ae125b1ac91ec2ec4f4f0f6a89a08d8fe52844f24e9;"{'"operation_id'": ['"06fad7d5-1fc6-4bd6-b00d-da274663d88a'"], '"failure_start_time'": '"2025-10-01T10:00:00'", '"maintenance_end_time'": '"2025-09-03T10:00:00'", '"source_sys_time'": '"2025-10-03T09:00:00'", '"asset_id'": '"06fcd7d5-1fc6-4bc6-b00d-da274663d98d'", '"failure_type_id'": '"702ab05a-7427-4a36-a298-0331bd56510a'", '"default_reliability'": [0.95]}";;;2025-10-13 12:15:52.956508+02;2025-10-13 12:15:57.273646+02;processing;asset_predict
4ce6705d-7152-4725-b630-e862eef73e71;9f9be52a96e8dd3ef49cb4d2b8d66f1c556131035801495ce7b46b1ccc9bbb6a;"{'"operation_id'": ['"06fad7d5-1fc6-4bd6-b00d-da274663d88a'"], '"failure_start_time'": '"2025-10-01T10:00:00'", '"maintenance_end_time'": '"2025-09-04T10:00:00'", '"source_sys_time'": '"2025-10-03T09:00:00'", '"asset_id'": '"06fcd7d5-1fc6-4bc6-b00d-da274663d98d'", '"failure_type_id'": '"702ab05a-7427-4a36-a298-0331bd56510a'", '"default_reliability'": [0.95]}";;;2025-10-13 12:16:08.113563+02;2025-10-13 12:16:13.569437+02;processing;asset_predict
9c8eea2d-3ff0-411e-94f8-7ff8921bad6d;271bfc82aca481f2c25d8fecd4b85c00054db453fdca48e01e529143b896077a;"{'"operation_id'": ['"06fad7d5-1fc6-4bd6-b00d-da274663d88a'"], '"failure_start_time'": '"2025-10-01T10:00:00'", '"maintenance_end_time'": '"2025-09-04T10:00:00'", '"source_sys_time'": '"2025-10-04T09:00:00'", '"asset_id'": '"06fcd7d5-1fc6-4bc6-b00d-da274663d98d'", '"failure_type_id'": '"702ab05a-7427-4a36-a298-0331bd56510a'", '"default_reliability'": [0.95]}";;;2025-10-13 12:23:15.339265+02;2025-10-13 12:23:15.800196+02;processing;asset_predict
74f03592-3eab-42d9-9309-f8d29032bd21;6938c40717ac436c2489545747c2467bcccd0d0dbe1aa9bbe4c622db665feeb6;"{'"operation_id'": ['"06fad7d5-1fc6-4bd6-b00d-da274663d88a'"], '"failure_start_time'": '"2025-10-01T10:00:00'", '"maintenance_end_time'": '"2025-09-05T10:00:00'", '"source_sys_time'": '"2025-10-04T09:00:00'", '"asset_id'": '"06fcd7d5-1fc6-4bc6-b00d-da274663d98d'", '"failure_type_id'": '"702ab05a-7427-4a36-a298-0331bd56510a'", '"default_reliability'": [0.95]}";;;2025-10-13 12:27:48.305665+02;2025-10-13 12:27:49.22418+02;processing;asset_predict
3671a432-bb37-4f18-8a00-d9638bc80395;f929f5c79223c59ba3a2395ad2b43b196afeaf1f4cd33ebafd3c0c7df889800c;"{'"operation_id'": ['"06fad7d5-1fc6-4bd6-b00d-da274663d88a'"], '"failure_start_time'": '"2025-10-01T10:00:00'", '"maintenance_end_time'": '"2025-09-01T10:00:00'", '"source_sys_time'": '"2025-10-04T09:00:00'", '"asset_id'": '"06fcd7d5-1fc6-4bc6-b00d-da274663d98d'", '"failure_type_id'": '"702ab05a-7427-4a36-a298-0331bd56510a'", '"default_reliability'": [0.95]}";;;2025-10-13 12:33:23.533597+02;2025-10-13 12:33:23.965196+02;processing;asset_predict
4824bdf1-d105-4a94-9571-abbfe3d4cb60;56f67565dd188ba2af8df88a060c691469d5cb91a1d30124b2d0fe1a133744b4;"{'"operation_id'": ['"06fad7d5-1fc6-4bd6-b00d-da274663d88a'"], '"failure_start_time'": '"2025-10-01T10:00:00'", '"maintenance_end_time'": '"2025-08-01T10:00:00'", '"source_sys_time'": '"2025-10-04T09:00:00'", '"asset_id'": '"06fcd7d5-1fc6-4bc6-b00d-da274663d98d'", '"failure_type_id'": '"702ab05a-7427-4a36-a298-0331bd56510a'", '"default_reliability'": [0.95]}";;;2025-10-13 12:35:26.555484+02;2025-10-13 12:35:30.538284+02;processing;asset_predict
b3a54974-ccef-490d-8d31-4b59b57ca302;b841f92310e68d2602b9a3eadb301e2178c9aced21ce7060bca837efe6926bfb;"{'"operation_id'": ['"06fad7d5-1fc6-4bd6-b00d-da274663d88a'"], '"failure_start_time'": '"2025-10-01T10:00:00'", '"maintenance_end_time'": '"2025-08-02T10:00:00'", '"source_sys_time'": '"2025-10-04T09:00:00'", '"asset_id'": '"06fcd7d5-1fc6-4bc6-b00d-da274663d98d'", '"failure_type_id'": '"702ab05a-7427-4a36-a298-0331bd56510a'", '"default_reliability'": [0.95]}";;;2025-10-13 12:36:10.762586+02;2025-10-13 12:36:11.422604+02;processing;asset_predict
8428fdf6-ce94-4f24-8b21-e03cce585c90;acb812e33933d8074356aeb6d4c7946c36b5d0030018e6b80baff88071b2d9ab;"{'"operation_id'": ['"06fad7d5-1fc6-4bd6-b00d-da274663d88a'"], '"failure_start_time'": '"2025-10-01T10:00:00'", '"maintenance_end_time'": '"2025-08-02T10:00:00'", '"source_sys_time'": '"2025-10-05T09:00:00'", '"asset_id'": '"06fcd7d5-1fc6-4bc6-b00d-da274663d98d'", '"failure_type_id'": '"702ab05a-7427-4a36-a298-0331bd56510a'", '"default_reliability'": [0.95]}";;;2025-10-13 12:45:40.242252+02;2025-10-13 12:45:41.013774+02;processing;asset_predict
e068a1b7-f00f-42bf-bffa-b8a60d40ec50;4452cb49bfb5882f52a2c34aa92663609ca9ac5d94b4c3dafece48bb51c9fa99;"{'"operation_id'": ['"06fad7d5-1fc6-4bd6-b00d-da274663d88a'"], '"failure_start_time'": '"2025-10-01T10:00:00'", '"maintenance_end_time'": '"2025-08-01T10:00:00'", '"source_sys_time'": '"2025-10-05T09:00:00'", '"asset_id'": '"06fcd7d5-1fc6-4bc6-b00d-da274663d98d'", '"failure_type_id'": '"702ab05a-7427-4a36-a298-0331bd56510a'", '"default_reliability'": [0.95]}";;;2025-10-13 12:54:19.967217+02;2025-10-13 12:54:20.783785+02;processing;asset_predict
1b279091-f039-47d5-bd52-b46e855e2360;c856905218f30592352704d124b5acc5c48acc2b28c29565a58da1c90d15fd7c;"{'"operation_id'": ['"06fad7d5-1fc6-4bd6-b00d-da274663d88a'"], '"failure_start_time'": '"2025-10-01T10:00:00'", '"maintenance_end_time'": '"2025-08-08T10:00:00'", '"source_sys_time'": '"2025-10-08T09:00:00'", '"asset_id'": '"06fcd7d5-1fc6-4bc6-b00d-da274663d98d'", '"failure_type_id'": '"702ab05a-7427-4a36-a298-0331bd56510a'", '"default_reliability'": [0.9]}";6fccd8ef-6bbb-4507-b545-1e1567c604af;;2025-10-13 13:43:09.0573+02;2025-10-13 13:43:09.764072+02;done;asset_predict
b97e33e6-1a95-4be2-ac75-f0f3a7d9527b;aea3ea1de18e5b50b989702d244c042dc5d3f78cbc115feb118ba5a0f713363e;"{'"operation_id'": ['"06fad7d5-1fc6-4bd6-b00d-da274663d88a'"], '"failure_start_time'": '"2025-10-01T10:00:00'", '"maintenance_end_time'": '"2025-08-08T10:00:00'", '"source_sys_time'": '"2025-10-05T09:00:00'", '"asset_id'": '"06fcd7d5-1fc6-4bc6-b00d-da274663d98d'", '"failure_type_id'": '"702ab05a-7427-4a36-a298-0331bd56510a'", '"default_reliability'": [0.95]}";b405f7ad-32ff-4ada-bee4-23036005f4ef;;2025-10-13 13:26:47.471179+02;2025-10-13 13:26:49.023036+02;done;asset_predict
6bc5330d-33a8-4868-a63c-ab60281bb757;ae3ac4e3e06a9e1e15a7f8d5593820909bb8247f4d3a36efa9fbcd95270d0b41;"{'"operation_id'": ['"06fad7d5-1fc6-4bd6-b00d-da274663d88a'"], '"failure_start_time'": '"2025-10-01T10:00:00'", '"maintenance_end_time'": '"2025-08-08T10:00:00'", '"source_sys_time'": '"2025-10-05T09:00:00'", '"asset_id'": '"06fcd7d5-1fc6-4bc6-b00d-da274663d98d'", '"failure_type_id'": '"702ab05a-7427-4a36-a298-0331bd56510a'", '"default_reliability'": [0.9]}";cb2b58fe-444f-47d7-808d-c07ed2c34c22;;2025-10-13 13:27:39.888917+02;2025-10-13 13:27:40.975891+02;done;asset_predict
254202f3-fd0f-4efd-b6ac-05aba996100a;dee273ba776d33473d9c2de41502daf19dfbd085d2422b335df867bad76574d4;"{'"operation_id'": ['"06fad7d5-1fc6-4bd6-b00d-da274663d88a'"], '"failure_start_time'": '"2025-10-01T10:00:00'", '"maintenance_end_time'": '"2025-08-08T10:00:00'", '"source_sys_time'": '"2025-10-06T09:00:00'", '"asset_id'": '"06fcd7d5-1fc6-4bc6-b00d-da274663d98d'", '"failure_type_id'": '"702ab05a-7427-4a36-a298-0331bd56510a'", '"default_reliability'": [0.9]}";d54dbdb8-dd75-4344-91ed-7076d1a0e190;;2025-10-13 13:41:01.261081+02;2025-10-13 13:41:02.719208+02;done;asset_predict
1d82dccc-89c9-4142-9061-749e0f700fa3;e303f733972e02c99803457aa06343db55fc94459715c62f11ac2b6ef1b9500c;"{'"operation_id'": ['"06fad7d5-1fc6-4bd6-b00d-da274663d88a'"], '"failure_start_time'": '"2025-10-01T10:00:00'", '"maintenance_end_time'": '"2025-08-08T10:00:00'", '"source_sys_time'": '"2025-10-10T09:00:00'", '"asset_id'": '"06fcd7d5-1fc6-4bc6-b00d-da274663d98d'", '"failure_type_id'": '"702ab05a-7427-4a36-a298-0331bd56510a'", '"default_reliability'": [0.9]}";54e99822-e748-463e-9fea-1fcb6c9a9528;;2025-10-13 13:45:06.237744+02;2025-10-13 13:45:07.525115+02;done;asset_predict
b89e09af-273d-43f5-87ce-63cad832d902;6816a514dced3d0f3aabca7a8ef7aa4d7528e148f2dfda17afa16331c6b183d0;"{'"operation_id'": ['"06fad7d5-1fc6-4bd6-b00d-da274663d88a'"], '"failure_start_time'": '"2025-10-01T10:00:00'", '"maintenance_end_time'": '"2025-08-08T10:00:00'", '"source_sys_time'": '"2025-10-09T09:00:00'", '"asset_id'": '"06fcd7d5-1fc6-4bc6-b00d-da274663d98d'", '"failure_type_id'": '"702ab05a-7427-4a36-a298-0331bd56510a'", '"default_reliability'": [0.9]}";5e35ccfb-0d33-4ad2-82a4-2684f25a7de9;;2025-10-13 13:44:20.007159+02;2025-10-13 13:44:20.791253+02;done;asset_predict
eba885de-1178-4f23-8714-fe2ccd8f956e;a3de4f9f4c845c0375c6e44fd2d0d2f38c26cac354737e2620d1df643c3a2c5d;"{'"operation_id'": ['"06fad7d5-1fc6-4bd6-b00d-da274663d88a'"], '"failure_start_time'": '"2025-10-01T10:00:00'", '"maintenance_end_time'": '"2025-08-08T10:00:00'", '"source_sys_time'": '"2025-10-11T09:00:00'", '"asset_id'": '"06fcd7d5-1fc6-4bc6-b00d-da274663d98d'", '"failure_type_id'": '"702ab05a-7427-4a36-a298-0331bd56510a'", '"default_reliability'": [0.9]}";df1979b5-304d-4b17-90a9-6ce85adc1b4a;;2025-10-13 13:46:56.227988+02;2025-10-13 13:46:57.567089+02;done;asset_predict
3fc1d3f8-738b-4fa4-804c-66c5cfc44d51;9f461d13645be48f39c95e761807db84d64ab3f186b77ea3b634149d19441b04;"{'"operation_id'": ['"06fad7d5-1fc6-4bd6-b00d-da274663d88a'"], '"failure_start_time'": '"2025-10-01T10:00:00'", '"maintenance_end_time'": '"2025-08-08T10:00:00'", '"source_sys_time'": '"2025-10-12T09:00:00'", '"asset_id'": '"06fcd7d5-1fc6-4bc6-b00d-da274663d98d'", '"failure_type_id'": '"702ab05a-7427-4a36-a298-0331bd56510a'", '"default_reliability'": [0.9]}";2940cbb2-4e65-4c9c-a529-5fe40155f69e;;2025-10-13 13:58:02.398818+02;2025-10-13 13:58:03.233766+02;done;asset_predict
69c5c32a-37ce-40cd-8342-3751ef2094f1;d9c2508b4bd6c05b2ea1853ea89c71de2548cd2c53a0235b91464a561ccafa7d;"{'"operation_id'": ['"06fad7d5-1fc6-4bd6-b00d-da274663d88a'"], '"failure_start_time'": '"2025-10-01T10:00:00'", '"maintenance_end_time'": '"2025-08-08T10:00:00'", '"source_sys_time'": '"2025-10-13T09:00:00'", '"asset_id'": '"06fcd7d5-1fc6-4bc6-b00d-da274663d98d'", '"failure_type_id'": '"702ab05a-7427-4a36-a298-0331bd56510a'", '"default_reliability'": [0.9]}";dfd6dddf-da4e-4c85-911e-d771e4c7fa98;;2025-10-13 13:58:20.729089+02;2025-10-13 13:58:21.353036+02;done;asset_predict
c2247286-a5c0-40d3-b931-752d2511b399;ed162bab7caa116167c0bcf5c78a18b6b0262103fa0f4e4bd83854998c6fc89d;"{'"operation_id'": ['"06fad7d5-1fc6-4bd6-b00d-da274663d88a'"], '"failure_start_time'": '"2025-10-01T10:00:00'", '"maintenance_end_time'": '"2025-08-08T10:00:00'", '"source_sys_time'": '"2025-10-14T09:00:00'", '"asset_id'": '"06fcd7d5-1fc6-4bc6-b00d-da274663d98d'", '"failure_type_id'": '"702ab05a-7427-4a36-a298-0331bd56510a'", '"default_reliability'": [0.9]}";d1629b64-b607-47c2-8ceb-31d3bc4823f3;;2025-10-13 13:59:53.985114+02;2025-10-13 13:59:54.649102+02;done;asset_predict
83366169-eb58-4d80-8fbe-04c4d13338e0;79c8b4e48d382b989f32992a08b2a8428afd51202b815fe3d9c36136489f738a;"{'"operation_id'": ['"06fad7d5-1fc6-4bd6-b00d-da274663d88a'"], '"failure_start_time'": '"2025-10-01T10:00:00'", '"maintenance_end_time'": '"2025-08-08T10:00:00'", '"source_sys_time'": '"2025-10-15T09:00:00'", '"asset_id'": '"06fcd7d5-1fc6-4bc6-b00d-da274663d98d'", '"failure_type_id'": '"702ab05a-7427-4a36-a298-0331bd56510a'", '"default_reliability'": [0.9]}";740b8ac9-a4e9-46ea-9867-740d9c5c9fbf;;2025-10-13 14:00:50.712994+02;2025-10-13 14:00:51.826488+02;done;asset_predict
b96bf4cc-1408-44ae-b3d5-76599b2fdc53;b72d0ccbab457084faf6b21b76859d828377efb6a7f434f559f55a3927987db1;"{'"operation_id'": ['"06fad7d5-1fc6-4bd6-b00d-da274663d88a'"], '"failure_start_time'": '"2025-10-01T10:00:00'", '"maintenance_end_time'": '"2025-08-07T10:00:00'", '"source_sys_time'": '"2025-10-16T09:00:00'", '"asset_id'": '"06fcd7d5-1fc6-4bc6-b00d-da274663d98d'", '"failure_type_id'": '"702ab05a-7427-4a36-a298-0331bd56510a'", '"default_reliability'": [0.9]}";4675b2b0-d9c5-4498-9cfd-af7c3c81ef05;;2025-10-13 15:33:49.854388+02;2025-10-13 15:33:50.459576+02;done;asset_failure_type_predict
ca0d8fa6-d8c3-4d0e-a77e-609041901b77;64dd9d220bdef65e1298bacd8d22d644924824e626a8b5bc00c0f0f788101d96;"{'"operation_id'": ['"06fad7d5-1fc6-4bd6-b00d-da274663d88a'"], '"failure_start_time'": '"2025-10-01T10:00:00'", '"maintenance_end_time'": '"2025-08-08T10:00:00'", '"source_sys_time'": '"2025-10-16T09:00:00'", '"asset_id'": '"06fcd7d5-1fc6-4bc6-b00d-da274663d98d'", '"failure_type_id'": '"702ab05a-7427-4a36-a298-0331bd56510a'", '"default_reliability'": [0.9]}";283d661f-c62c-4ad9-91ef-617a0080e268;;2025-10-13 14:03:56.882467+02;2025-10-13 14:03:57.548198+02;done;asset_predict
26ce3e98-2012-4124-927f-1ab2ecb27d91;ac6d17deb0c2572b32d6ff4ecdab56eaf8d044f9e6fa5874ef0cdda265a45497;"{'"operation_ids'": ['"06fad7d5-1fc6-4bd6-b00d-da274663d88a'"], '"failure_start_time'": '"2025-10-01T10:00:00'", '"maintenance_end_time'": '"2025-08-08T10:00:00'", '"source_sys_time'": '"2025-10-16T09:00:00'", '"asset_id'": '"06fcd7d5-1fc6-4bc6-b00d-da274663d98d'", '"failure_type_id'": '"702ab05a-7427-4a36-a298-0331bd56510a'", '"default_reliability'": [0.9]}";;"Payload validation failed: 1 validation error for AssetPredictIn
operation_id
  Field required [type=missing, input_value={''operation_ids'': [''06fad...ult_reliability'': [0.9]}, input_type=dict]
    For further information visit https://errors.pydantic.dev/2.8/v/missing";2025-10-13 14:11:33.802465+02;2025-10-13 14:11:34.232424+02;error;asset_failure_type_predict
e8ab3d5f-c696-4047-8741-c7a76b60b96b;e9fb7a2512fb9829b344f03e900875e4a433ef688d0fd90794dfb545e2bc8676;"{'"operation_id'": ['"06fad7d5-1fc6-4bd6-b00d-da274663d88a'"], '"failure_start_time'": '"2025-10-01T10:00:00'", '"maintenance_end_time'": '"2025-08-07T10:00:00'", '"source_sys_time'": '"2025-10-16T09:00:00'", '"asset_id'": '"06fcd7d5-1fc6-4bc6-b00d-da274663d98d'", '"failure_type_id'": '"329c1798-e981-46c9-b142-dc6b2e54471b'", '"default_reliability'": [0.9]}";;Failure type not found in DB/CMMS;2025-10-14 07:28:08.486641+02;2025-10-14 07:28:09.835119+02;not_found;asset_failure_type_predict
fa810d06-46b5-4b27-9ae1-ca05d3f2a1b6;4182434a9a185f1c94914494ba82e9510fd68cc6014c6797b78b14b6a20b8480;"{'"operation_id'": ['"06fad7d5-1fc6-4bd6-b00d-da274663d88a'"], '"failure_start_time'": '"2025-10-01T10:00:00'", '"maintenance_end_time'": '"2025-08-05T10:00:00'", '"source_sys_time'": '"2025-10-16T09:00:00'", '"asset_id'": '"06fcd7d5-1fc6-4bc6-b00d-da274663d98d'", '"failure_type_id'": '"329c1798-e981-46c9-b142-dc6b2e54471b'", '"default_reliability'": [0.9]}";;Failure type not found in DB/CMMS;2025-10-14 07:29:20.174852+02;2025-10-14 07:29:21.436302+02;not_found;asset_failure_type_predict
4722e6f7-3bc1-46d5-9315-2c37fb622db3;34e8559682d71d1aaf3502b62f34708442aad489d2a9a5854289d7e1f6be645e;"{'"operation_id'": ['"06fad7d5-1fc6-4bd6-b00d-da274663d88a'"], '"failure_start_time'": '"2025-10-01T10:00:00'", '"maintenance_end_time'": '"2025-08-06T10:00:00'", '"source_sys_time'": '"2025-10-16T09:00:00'", '"asset_id'": '"06fcd7d5-1fc6-4bc6-b00d-da274663d98d'", '"failure_type_id'": '"329c1798-e981-46c9-b142-dc6b2e54471b'", '"default_reliability'": [0.9]}";;Failure type not found in DB/CMMS;2025-10-14 07:28:54.04286+02;2025-10-14 07:28:55.759396+02;not_found;asset_failure_type_predict
4d8c3d96-c0ec-46b2-81ff-abd0eca5977e;ffed560bbad55066b3398bfbcf8c6e70e62895615909f60d240167bbe1ef9219;"{'"operation_id'": ['"06fad7d5-1fc6-4bd6-b00d-da274663d88a'"], '"failure_start_time'": '"2025-10-01T10:00:00'", '"maintenance_end_time'": '"2025-08-05T10:00:00'", '"source_sys_time'": '"2025-10-16T09:00:00'", '"asset_id'": '"06fcd7d5-1fc6-4bc6-b00d-da274663d98d'", '"failure_type_id'": '"702ab05a-7427-4a36-a298-0331bd56510a'", '"default_reliability'": [0.9]}";53be7822-a361-4989-9dbc-34d99d4c44ac;;2025-10-14 07:32:06.97579+02;2025-10-14 07:32:07.980487+02;done;asset_failure_type_predict
3714f38c-9fc0-4726-8e30-9d0379cbae05;41dbfc5a222970755710e541ef46a4820866bd206c432b500efa72ed31c82441;"{'"operation_id'": ['"06fad7d5-1fc6-4bd6-b00d-da274663d88a'"], '"failure_start_time'": '"2025-10-01T10:00:00'", '"maintenance_end_time'": '"2025-08-15T10:00:00'", '"source_sys_time'": '"2025-10-16T09:00:00'", '"asset_id'": '"06fcd7d5-1fc6-4bc6-b00d-da274663d98d'", '"failure_type_id'": '"702ab05a-7427-4a36-a298-0331bd56510a'", '"default_reliability'": [0.9]}";09d76992-1e23-43e8-9668-7bcd506483e9;;2025-10-14 07:33:08.50353+02;2025-10-14 07:33:09.858996+02;done;asset_failure_type_predict
3d6f83ce-9674-4050-bbfd-f7ef5a0b58c0;0758b4097cb1deff5f5822cfcb813c6e3376b79e63ebede424bc8fed714d0b84;"{'"operation_id'": ['"06fad7d5-1fc6-4bd6-b00d-da274663d88a'"], '"failure_start_time'": '"2025-10-01T10:00:00'", '"maintenance_end_time'": '"2025-08-16T10:00:00'", '"source_sys_time'": '"2025-10-16T09:00:00'", '"asset_id'": '"06fcd7d5-1fc6-4bc6-b00d-da274663d98d'", '"failure_type_id'": '"702ab05a-7427-4a36-a298-0331bd56510a'", '"default_reliability'": [0.9]}";601a97c7-a804-4aa2-8ac0-12089b10e5d9;;2025-10-14 09:49:31.01168+02;2025-10-14 09:49:32.991082+02;done;asset_failure_type_predict
e77e4c4a-c6bc-4596-a870-72d6080f2dc4;867bcda6270505b4f32af4f8b34994a71fc7c23d953303f570392a06bba227df;"{'"operation_id'": ['"06fad7d5-1fc6-4bd6-b00d-da274663d88a'"], '"failure_start_time'": '"2025-10-02T10:00:00'", '"maintenance_end_time'": '"2025-08-16T10:00:00'", '"source_sys_time'": '"2025-10-16T09:00:00'", '"asset_id'": '"06fcd7d5-1fc6-4bc6-b00d-da274663d98d'", '"failure_type_id'": '"702ab05a-7427-4a36-a298-0331bd56510a'", '"default_reliability'": [0.9]}";a74298de-0f04-414c-b3e6-77770bdf17ea;;2025-10-14 10:07:06.764279+02;2025-10-14 10:07:07.693718+02;done;asset_predict
ef09cac3-f6c3-4d52-baa6-8937f7dbee95;ee710b5419a42e081b11af18f6a6bf17e19aaa19ff6f7b3bb1154cddeb90f144;"{'"operation_id'": ['"06fad7d5-1fc6-4bd6-b00d-da274663d88a'"], '"failure_start_time'": '"2025-10-02T10:00:00'", '"maintenance_end_time'": '"2025-08-16T11:00:00'", '"source_sys_time'": '"2025-10-16T09:00:00'", '"asset_id'": '"06fcd7d5-1fc6-4bc6-b00d-da274663d98d'", '"failure_type_id'": '"702ab05a-7427-4a36-a298-0331bd56510a'", '"default_reliability'": [0.9]}";92603031-b1f6-492f-a428-64f4f8c603d3;;2025-10-14 10:11:15.893578+02;2025-10-14 10:11:17.160304+02;done;asset_predict
